{"risk": {"kNN": {"f1-sc": 0.21052631578947367, "f1-scw": 0.46816341553183666, "accura": 0.4230769230769231, "precis": 0.15384615384615385, "recall": 0.3333333333333333}, "Decision Tree": {"f1-sc": 0.3333333333333333, "f1-scw": 0.6923076923076924, "accura": 0.6923076923076923, "precis": 0.3333333333333333, "recall": 0.3333333333333333}, "SVM": {"f1-sc": 0.0, "f1-scw": 0.6688963210702342, "accura": 0.7692307692307693, "precis": 0.0, "recall": 0.0}, "Naive Bayes": {"f1-sc": 0.4705882352941177, "f1-scw": 0.6800258564964448, "accura": 0.6538461538461539, "precis": 0.36363636363636365, "recall": 0.6666666666666666}}, "contentment": {"kNN": {"f1-sc": 0.13333333333333333, "f1-scw": 0.5891891891891892, "accura": 0.5, "precis": 0.08333333333333333, "recall": 0.3333333333333333}, "Decision Tree": {"f1-sc": 0.0, "f1-scw": 0.673992673992674, "accura": 0.6153846153846154, "precis": 0.0, "recall": 0.0}, "SVM": {"f1-sc": 0.25, "f1-scw": 0.7928321678321678, "accura": 0.7692307692307693, "precis": 0.2, "recall": 0.3333333333333333}, "Naive Bayes": {"f1-sc": 0.33333333333333337, "f1-scw": 0.6108597285067874, "accura": 0.5384615384615384, "precis": 0.2, "recall": 1.0}}}